{"payload":{"file_name":"/albedo/home/eschall/.config/Ultralytics/DDP/_temp_cxjnkd3w23452136436800.py","message_id":1},"type":"file_name"}
{"payload":{"additional_params":{"assetId":"5ce9edeee3ba42438d6daba2c9727ada","context":null,"extension":"py","fileName":"/albedo/home/eschall/.conda/envs/YOLO_OZA/lib/python3.12/site-packages/ultralytics/utils/callbacks/mlflow.py","overwrite":false,"runId":null,"step":null,"type":"source_code"},"clean":true,"file_path":"tmprmu7cxsk","local_timestamp":1769602668903,"message_id":2,"metadata":{"source_code_type":"experiment_creation"},"upload_type":"source_code"},"type":"file_upload"}
{"payload":{"additional_params":{"assetId":"9eef9b32a8e04080ba3ac0c23eaae450","context":null,"extension":"py","fileName":"/albedo/home/eschall/.config/Ultralytics/DDP/_temp_cxjnkd3w23452136436800.py","overwrite":false,"runId":null,"step":null,"type":"source_code"},"clean":true,"file_path":"tmpmjpkfhdz","local_timestamp":1769602668904,"message_id":3,"metadata":{"source_code_type":"python_script_name"},"upload_type":"source_code"},"type":"file_upload"}
{"payload":{"installed_packages":["aiohappyeyeballs==2.6.1","aiohttp==3.12.15","aiohttp-retry==2.9.1","aiosignal==1.4.0","alembic==1.17.2","amqp==5.3.1","annotated-doc==0.0.4","annotated-types==0.7.0","antlr4-python3-runtime==4.9.3","anyio==4.9.0","appdirs==1.4.4","argon2-cffi==25.1.0","argon2-cffi-bindings==21.2.0","arrow==1.3.0","asttokens==3.0.0","async-lru==2.0.5","asyncssh==2.21.0","atpublic==6.0.1","attrs==25.3.0","babel==2.17.0","beautifulsoup4==4.13.4","billiard==4.2.1","bleach==6.2.0","blinker==1.9.0","brotli==1.1.0","cached-property==1.5.2","cachetools==6.2.2","celery==5.5.3","certifi==2025.6.15","cffi==1.17.1","charset-normalizer==3.4.2","click==8.2.1","click-didyoumean==0.3.1","click-plugins==1.1.1.2","click-repl==0.3.0","cloudpickle==3.1.2","colorama==0.4.6","comet_ml==3.49.5","comm==0.2.2","configobj==5.0.9","contourpy==1.3.2","cryptography==45.0.7","cycler==0.12.1","databricks-sdk==0.74.0","debugpy==1.8.14","decorator==5.2.1","defusedxml==0.7.1","dictdiffer==0.9.0","diskcache==5.6.3","distro==1.9.0","docker==7.1.0","dpath==2.2.0","dulwich==0.24.1","dvc==3.63.0","dvc-data==3.16.12","dvc-http==2.32.0","dvc-objects==5.1.1","dvc-render==1.0.2","dvc-studio-client==0.22.0","dvc-task==0.40.2","entrypoints==0.4","everett==3.1.0","exceptiongroup==1.3.0","executing==2.2.0","fastapi==0.124.2","fastjsonschema==2.21.1","filelock==3.18.0","flask==3.1.2","flask-cors==6.0.1","flatten-dict==0.4.2","flufl.lock==8.2.0","fonttools==4.58.4","fqdn==1.5.1","frozenlist==1.7.0","fsspec==2025.5.1","funcy==2.0","gitdb==4.0.12","gitpython==3.1.45","google-auth==2.43.0","grandalf==0.8","graphene==3.4.3","graphql-core==3.2.7","graphql-relay==3.2.0","greenlet==3.3.0","gto==1.8.0","gunicorn==23.0.0","h11==0.16.0","h2==4.2.0","hpack==4.1.0","httpcore==1.0.9","httpx==0.28.1","huey==2.5.5","hydra-core==1.3.2","hyperframe==6.1.0","idna==3.10","importlib_metadata==8.7.0","importlib_resources==6.5.2","ipykernel==6.29.5","ipython==9.3.0","ipython_pygments_lexers==1.1.1","ipywidgets==8.1.7","isoduration==20.11.0","iterative-telemetry==0.0.10","itsdangerous==2.2.0","jedi==0.19.2","jinja2==3.1.6","joblib==1.5.2","json5==0.12.0","jsonpointer==3.0.0","jsonschema==4.24.0","jsonschema-specifications==2025.4.1","jupyter==1.1.1","jupyter-console==6.6.3","jupyter-events==0.12.0","jupyter-lsp==2.2.5","jupyter_client==8.6.3","jupyter_core==5.8.1","jupyter_server==2.16.0","jupyter_server_terminals==0.5.3","jupyterlab==4.4.3","jupyterlab_pygments==0.3.0","jupyterlab_server==2.27.3","jupyterlab_widgets==3.0.15","kiwisolver==1.4.8","kombu==5.5.4","mako==1.3.10","markdown-it-py==3.0.0","markupsafe==3.0.2","matplotlib==3.10.1","matplotlib-inline==0.1.7","mdurl==0.1.2","mistune==3.1.3","mlflow==3.7.0","mlflow-skinny==3.7.0","mlflow-tracing==3.7.0","mpmath==1.3.0","multidict==6.6.4","nbclient==0.10.2","nbconvert==7.16.6","nbformat==5.10.4","nest_asyncio==1.6.0","networkx==3.5","notebook==7.4.3","notebook_shim==0.2.4","numpy==2.1.1","nvidia-cublas-cu12==12.6.4.1","nvidia-cuda-cupti-cu12==12.6.80","nvidia-cuda-nvrtc-cu12==12.6.77","nvidia-cuda-runtime-cu12==12.6.77","nvidia-cudnn-cu12==9.5.1.17","nvidia-cufft-cu12==11.3.0.4","nvidia-cufile-cu12==1.11.1.6","nvidia-curand-cu12==10.3.7.77","nvidia-cusolver-cu12==11.7.1.2","nvidia-cusparse-cu12==12.5.4.2","nvidia-cusparselt-cu12==0.6.3","nvidia-nccl-cu12==2.26.2","nvidia-nvjitlink-cu12==12.6.85","nvidia-nvtx-cu12==12.6.77","omegaconf==2.3.0","opencv-python==4.11.0.86","opentelemetry-api==1.39.0","opentelemetry-proto==1.39.0","opentelemetry-sdk==1.39.0","opentelemetry-semantic-conventions==0.60b0","orjson==3.11.3","overrides==7.7.0","packaging==25.0","pandas==2.2.3","pandocfilters==1.5.0","parso==0.8.4","pathspec==0.12.1","pexpect==4.9.0","pickleshare==0.7.5","pillow==11.1.0","pip==25.1.1","pkgutil_resolve_name==1.3.10","platformdirs==4.3.8","prometheus_client==0.22.1","prompt_toolkit==3.0.51","propcache==0.3.2","protobuf==6.33.2","psutil==7.0.0","ptyprocess==0.7.0","pure_eval==0.2.3","py-cpuinfo==9.0.0","pyarrow==22.0.0","pyasn1==0.6.1","pyasn1_modules==0.4.2","pycparser==2.22","pydantic==2.11.7","pydantic_core==2.33.2","pydot==4.0.1","pygit2==1.18.2","pygments==2.19.2","pygtrie==2.5.0","pyparsing==3.2.3","pysocks==1.7.1","python-box==6.1.0","python-dateutil==2.9.0.post0","python-dotenv==1.2.1","python-json-logger==2.0.7","pytz==2025.2","pyyaml==6.0.2","pyzmq==27.0.0","referencing==0.36.2","requests==2.32.4","requests-toolbelt==1.0.0","rfc3339_validator==0.1.4","rfc3986-validator==0.1.1","rich==14.0.0","rpds-py==0.25.1","rsa==4.9.1","ruamel.yaml==0.18.15","ruamel.yaml.clib==0.2.12","scikit-learn==1.8.0","scipy==1.15.2","scmrepo==3.5.2","seaborn==0.13.2","semantic-version==2.10.0","semver==3.0.4","send2trash==1.8.3","sentry-sdk==2.30.0","setuptools==80.9.0","shellingham==1.5.4","shortuuid==1.0.13","shtab==1.7.2","simplejson==3.20.1","six==1.17.0","smmap==5.0.2","sniffio==1.3.1","soundfile==0.13.1","soupsieve==2.7","sqlalchemy==2.0.45","sqlparse==0.5.4","sqltrie==0.11.2","stack_data==0.6.3","starlette==0.50.0","sympy==1.14.0","tabulate==0.9.0","terminado==0.18.1","threadpoolctl==3.6.0","tinycss2==1.4.0","tomli==2.2.1","tomlkit==0.13.3","torch==2.7.1","torchaudio==2.7.1","torchvision==0.22.1","tornado==6.5.1","tqdm==4.67.1","traitlets==5.14.3","triton==3.3.1","typer==0.17.3","types-python-dateutil==2.9.0.20250516","typing-inspection==0.4.1","typing_extensions==4.14.0","typing_utils==0.1.0","tzdata==2025.2","ultralytics==8.3.91","ultralytics-thop==2.0.14","uri-template==1.3.0","urllib3==2.5.0","uvicorn==0.38.0","vine==5.1.0","voluptuous==0.15.2","wcwidth==0.2.13","webcolors==24.11.1","webencodings==0.5.1","websocket-client==1.8.0","werkzeug==3.1.4","wheel==0.45.1","widgetsnbextension==4.0.14","wrapt==1.17.2","wurlitzer==3.1.1","yarl==1.20.1","zc.lockfile==3.0.post1","zipp==3.23.0","zstandard==0.23.0"],"message_id":4},"type":"installed_packages"}
{"payload":{"command":["/albedo/home/eschall/.config/Ultralytics/DDP/_temp_cxjnkd3w23452136436800.py"],"env":null,"hostname":"gpu-004","ip":"10.100.200.43","machine":"x86_64","message_id":5,"os":"Linux-4.18.0-513.24.1.el8_9.x86_64-x86_64-with-glibc2.28","os_release":"4.18.0-513.24.1.el8_9.x86_64","os_type":"Linux","pid":4058188,"processor":"x86_64","python_exe":"/albedo/home/eschall/.conda/envs/YOLO_OZA/bin/python","python_version":"3.12.11","python_version_verbose":"3.12.11 | packaged by conda-forge | (main, Jun  4 2025, 14:45:31) [GCC 13.3.0]","user":"eschall"},"type":"system_details"}
{"payload":{"gpu_static_info":[{"gpu_index":0,"name":"NVIDIA A100 80GB PCIe","power_limit":300000,"total_memory":85899345920,"uuid":"GPU-74451c22-5fbd-cc6e-730b-d1f163b41896"},{"gpu_index":1,"name":"NVIDIA A100 80GB PCIe","power_limit":300000,"total_memory":85899345920,"uuid":"GPU-4583058d-8268-55d6-27e4-8882d28860d0"},{"gpu_index":2,"name":"NVIDIA A100 80GB PCIe","power_limit":300000,"total_memory":85899345920,"uuid":"GPU-6ef9ce69-12c0-93ec-0be1-c297f4055eeb"},{"gpu_index":3,"name":"NVIDIA A100 80GB PCIe","power_limit":300000,"total_memory":85899345920,"uuid":"GPU-136ab8bf-678f-370f-4061-df2ed0e3cd52"}],"message_id":6},"type":"gpu_static_info"}
{"payload":{"local_timestamp":1769602675351,"message_id":7,"metric":{"epoch":null,"metricName":"sys.gpu.0.total_memory","metricValue":85899345920,"step":null}},"type":"metric_msg"}
{"payload":{"local_timestamp":1769602675351,"message_id":8,"metric":{"epoch":null,"metricName":"sys.gpu.1.total_memory","metricValue":85899345920,"step":null}},"type":"metric_msg"}
{"payload":{"local_timestamp":1769602675351,"message_id":9,"metric":{"epoch":null,"metricName":"sys.gpu.2.total_memory","metricValue":85899345920,"step":null}},"type":"metric_msg"}
{"payload":{"local_timestamp":1769602675351,"message_id":10,"metric":{"epoch":null,"metricName":"sys.gpu.3.total_memory","metricValue":85899345920,"step":null}},"type":"metric_msg"}
{"payload":{"local_timestamp":1769602675362,"message_id":11,"metric":{"epoch":null,"metricName":"sys.gpu.0.gpu_utilization","metricValue":0,"step":null}},"type":"metric_msg"}
{"payload":{"local_timestamp":1769602675362,"message_id":12,"metric":{"epoch":null,"metricName":"sys.gpu.0.power_usage","metricValue":69715,"step":null}},"type":"metric_msg"}
{"payload":{"local_timestamp":1769602675362,"message_id":13,"metric":{"epoch":null,"metricName":"sys.gpu.0.temperature","metricValue":38,"step":null}},"type":"metric_msg"}
{"payload":{"local_timestamp":1769602675362,"message_id":14,"metric":{"epoch":null,"metricName":"sys.gpu.0.memory_utilization","metricValue":0,"step":null}},"type":"metric_msg"}
{"payload":{"local_timestamp":1769602675362,"message_id":15,"metric":{"epoch":null,"metricName":"sys.gpu.0.free_memory","metricValue":84003192832,"step":null}},"type":"metric_msg"}
{"payload":{"local_timestamp":1769602675363,"message_id":16,"metric":{"epoch":null,"metricName":"sys.gpu.0.used_memory","metricValue":1896153088,"step":null}},"type":"metric_msg"}
{"payload":{"local_timestamp":1769602675363,"message_id":17,"metric":{"epoch":null,"metricName":"sys.gpu.0.percent.used_memory","metricValue":2.2074127197265625,"step":null}},"type":"metric_msg"}
{"payload":{"local_timestamp":1769602675363,"message_id":18,"metric":{"epoch":null,"metricName":"sys.gpu.1.gpu_utilization","metricValue":100,"step":null}},"type":"metric_msg"}
{"payload":{"local_timestamp":1769602675363,"message_id":19,"metric":{"epoch":null,"metricName":"sys.gpu.1.power_usage","metricValue":78418,"step":null}},"type":"metric_msg"}
{"payload":{"local_timestamp":1769602675363,"message_id":20,"metric":{"epoch":null,"metricName":"sys.gpu.1.temperature","metricValue":40,"step":null}},"type":"metric_msg"}
{"payload":{"local_timestamp":1769602675363,"message_id":21,"metric":{"epoch":null,"metricName":"sys.gpu.1.memory_utilization","metricValue":0,"step":null}},"type":"metric_msg"}
{"payload":{"local_timestamp":1769602675363,"message_id":22,"metric":{"epoch":null,"metricName":"sys.gpu.1.free_memory","metricValue":78726758400,"step":null}},"type":"metric_msg"}
{"payload":{"local_timestamp":1769602675363,"message_id":23,"metric":{"epoch":null,"metricName":"sys.gpu.1.used_memory","metricValue":7172587520,"step":null}},"type":"metric_msg"}
{"payload":{"local_timestamp":1769602675363,"message_id":24,"metric":{"epoch":null,"metricName":"sys.gpu.1.percent.used_memory","metricValue":8.349990844726562,"step":null}},"type":"metric_msg"}
{"payload":{"key":"offline_experiment","message_id":25,"value":true},"type":"log_other"}
{"payload":{"key":"Name","message_id":26,"value":"train4"},"type":"log_other"}
{"payload":{"key":"Created from","message_id":27,"value":"MLFlow auto-logger"},"type":"log_other"}
{"payload":{"local_timestamp":1769602675364,"message_id":28,"output":"\u001b[34m\u001b[1mMLflow: \u001b[0mlogging run_id(3f30678e8b5341318f8a90fb1e3d37fe) to runs/mlflow\n","stderr":false},"type":"standard_output"}
{"payload":{"local_timestamp":1769602675364,"message_id":29,"output":"\u001b[34m\u001b[1mMLflow: \u001b[0mview at http://127.0.0.1:5000 with 'mlflow server --backend-store-uri runs/mlflow'\n","stderr":false},"type":"standard_output"}
{"payload":{"local_timestamp":1769602675364,"message_id":30,"output":"\u001b[34m\u001b[1mMLflow: \u001b[0mdisable with 'yolo settings mlflow=False'\n","stderr":false},"type":"standard_output"}
{"payload":{"local_timestamp":1769602675414,"message_id":31,"param":{"paramName":"agnostic_nms","paramValue":false,"source":"auto-logged","step":null}},"type":"parameter_msg"}
{"payload":{"local_timestamp":1769602675414,"message_id":32,"param":{"paramName":"amp","paramValue":true,"source":"auto-logged","step":null}},"type":"parameter_msg"}
{"payload":{"local_timestamp":1769602675414,"message_id":33,"param":{"paramName":"augment","paramValue":false,"source":"auto-logged","step":null}},"type":"parameter_msg"}
{"payload":{"local_timestamp":1769602675414,"message_id":34,"param":{"paramName":"auto_augment","paramValue":"randaugment","source":"auto-logged","step":null}},"type":"parameter_msg"}
{"payload":{"local_timestamp":1769602675414,"message_id":35,"param":{"paramName":"batch","paramValue":32,"source":"auto-logged","step":null}},"type":"parameter_msg"}
{"payload":{"local_timestamp":1769602675414,"message_id":36,"param":{"paramName":"bgr","paramValue":0,"source":"auto-logged","step":null}},"type":"parameter_msg"}
{"payload":{"local_timestamp":1769602675414,"message_id":37,"param":{"paramName":"box","paramValue":7.5,"source":"auto-logged","step":null}},"type":"parameter_msg"}
{"payload":{"local_timestamp":1769602675414,"message_id":38,"param":{"paramName":"cache","paramValue":false,"source":"auto-logged","step":null}},"type":"parameter_msg"}
{"payload":{"local_timestamp":1769602675414,"message_id":39,"param":{"paramName":"cfg","paramValue":null,"source":"auto-logged","step":null}},"type":"parameter_msg"}
{"payload":{"local_timestamp":1769602675414,"message_id":40,"param":{"paramName":"classes","paramValue":null,"source":"auto-logged","step":null}},"type":"parameter_msg"}
{"payload":{"local_timestamp":1769602675414,"message_id":41,"param":{"paramName":"close_mosaic","paramValue":10,"source":"auto-logged","step":null}},"type":"parameter_msg"}
{"payload":{"local_timestamp":1769602675414,"message_id":42,"param":{"paramName":"cls","paramValue":0.5,"source":"auto-logged","step":null}},"type":"parameter_msg"}
{"payload":{"local_timestamp":1769602675414,"message_id":43,"param":{"paramName":"conf","paramValue":null,"source":"auto-logged","step":null}},"type":"parameter_msg"}
{"payload":{"local_timestamp":1769602675415,"message_id":44,"param":{"paramName":"copy_paste","paramValue":0,"source":"auto-logged","step":null}},"type":"parameter_msg"}
{"payload":{"local_timestamp":1769602675415,"message_id":45,"param":{"paramName":"copy_paste_mode","paramValue":"flip","source":"auto-logged","step":null}},"type":"parameter_msg"}
{"payload":{"local_timestamp":1769602675415,"message_id":46,"param":{"paramName":"cos_lr","paramValue":false,"source":"auto-logged","step":null}},"type":"parameter_msg"}
{"payload":{"local_timestamp":1769602675415,"message_id":47,"param":{"paramName":"crop_fraction","paramValue":0,"source":"auto-logged","step":null}},"type":"parameter_msg"}
{"payload":{"local_timestamp":1769602675415,"message_id":48,"param":{"paramName":"data","paramValue":"./custom_joined.yaml","source":"auto-logged","step":null}},"type":"parameter_msg"}
{"payload":{"local_timestamp":1769602675415,"message_id":49,"param":{"paramName":"degrees","paramValue":0,"source":"auto-logged","step":null}},"type":"parameter_msg"}
{"payload":{"local_timestamp":1769602675415,"message_id":50,"param":{"paramName":"deterministic","paramValue":true,"source":"auto-logged","step":null}},"type":"parameter_msg"}
{"payload":{"local_timestamp":1769602675415,"message_id":51,"params":{"paramName":"device","paramValue":[0,1],"source":"auto-logged","step":null}},"type":"parameter_msg"}
{"payload":{"local_timestamp":1769602675415,"message_id":52,"param":{"paramName":"dfl","paramValue":1.5,"source":"auto-logged","step":null}},"type":"parameter_msg"}
{"payload":{"local_timestamp":1769602675415,"message_id":53,"param":{"paramName":"dnn","paramValue":false,"source":"auto-logged","step":null}},"type":"parameter_msg"}
{"payload":{"local_timestamp":1769602675415,"message_id":54,"param":{"paramName":"dropout","paramValue":0.0,"source":"auto-logged","step":null}},"type":"parameter_msg"}
{"payload":{"local_timestamp":1769602675415,"message_id":55,"param":{"paramName":"dynamic","paramValue":false,"source":"auto-logged","step":null}},"type":"parameter_msg"}
{"payload":{"local_timestamp":1769602675415,"message_id":56,"param":{"paramName":"embed","paramValue":null,"source":"auto-logged","step":null}},"type":"parameter_msg"}
{"payload":{"local_timestamp":1769602675415,"message_id":57,"param":{"paramName":"epochs","paramValue":20,"source":"auto-logged","step":null}},"type":"parameter_msg"}
{"payload":{"local_timestamp":1769602675415,"message_id":58,"param":{"paramName":"erasing","paramValue":0,"source":"auto-logged","step":null}},"type":"parameter_msg"}
{"payload":{"local_timestamp":1769602675415,"message_id":59,"param":{"paramName":"exist_ok","paramValue":false,"source":"auto-logged","step":null}},"type":"parameter_msg"}
{"payload":{"local_timestamp":1769602675415,"message_id":60,"param":{"paramName":"fliplr","paramValue":0,"source":"auto-logged","step":null}},"type":"parameter_msg"}
{"payload":{"local_timestamp":1769602675415,"message_id":61,"param":{"paramName":"flipud","paramValue":0,"source":"auto-logged","step":null}},"type":"parameter_msg"}
{"payload":{"local_timestamp":1769602675415,"message_id":62,"param":{"paramName":"format","paramValue":"torchscript","source":"auto-logged","step":null}},"type":"parameter_msg"}
{"payload":{"local_timestamp":1769602675415,"message_id":63,"param":{"paramName":"fraction","paramValue":1.0,"source":"auto-logged","step":null}},"type":"parameter_msg"}
{"payload":{"local_timestamp":1769602675415,"message_id":64,"param":{"paramName":"freeze","paramValue":null,"source":"auto-logged","step":null}},"type":"parameter_msg"}
{"payload":{"local_timestamp":1769602675415,"message_id":65,"param":{"paramName":"half","paramValue":false,"source":"auto-logged","step":null}},"type":"parameter_msg"}
{"payload":{"local_timestamp":1769602675415,"message_id":66,"param":{"paramName":"hsv_h","paramValue":0.015,"source":"auto-logged","step":null}},"type":"parameter_msg"}
{"payload":{"local_timestamp":1769602675415,"message_id":67,"param":{"paramName":"hsv_s","paramValue":0,"source":"auto-logged","step":null}},"type":"parameter_msg"}
{"payload":{"local_timestamp":1769602675415,"message_id":68,"param":{"paramName":"hsv_v","paramValue":0,"source":"auto-logged","step":null}},"type":"parameter_msg"}
{"payload":{"local_timestamp":1769602675415,"message_id":69,"param":{"paramName":"imgsz","paramValue":3552,"source":"auto-logged","step":null}},"type":"parameter_msg"}
{"payload":{"local_timestamp":1769602675415,"message_id":70,"param":{"paramName":"int8","paramValue":false,"source":"auto-logged","step":null}},"type":"parameter_msg"}
{"payload":{"local_timestamp":1769602675415,"message_id":71,"param":{"paramName":"iou","paramValue":0.3,"source":"auto-logged","step":null}},"type":"parameter_msg"}
{"payload":{"local_timestamp":1769602675415,"message_id":72,"param":{"paramName":"keras","paramValue":false,"source":"auto-logged","step":null}},"type":"parameter_msg"}
{"payload":{"local_timestamp":1769602675415,"message_id":73,"param":{"paramName":"kobj","paramValue":1.0,"source":"auto-logged","step":null}},"type":"parameter_msg"}
{"payload":{"local_timestamp":1769602675415,"message_id":74,"param":{"paramName":"line_width","paramValue":null,"source":"auto-logged","step":null}},"type":"parameter_msg"}
{"payload":{"local_timestamp":1769602675415,"message_id":75,"param":{"paramName":"lr0","paramValue":0.01,"source":"auto-logged","step":null}},"type":"parameter_msg"}
{"payload":{"local_timestamp":1769602675415,"message_id":76,"param":{"paramName":"lrf","paramValue":0.01,"source":"auto-logged","step":null}},"type":"parameter_msg"}
{"payload":{"local_timestamp":1769602675415,"message_id":77,"param":{"paramName":"mask_ratio","paramValue":4,"source":"auto-logged","step":null}},"type":"parameter_msg"}
{"payload":{"local_timestamp":1769602675415,"message_id":78,"param":{"paramName":"max_det","paramValue":300,"source":"auto-logged","step":null}},"type":"parameter_msg"}
{"payload":{"local_timestamp":1769602675415,"message_id":79,"param":{"paramName":"mixup","paramValue":0,"source":"auto-logged","step":null}},"type":"parameter_msg"}
{"payload":{"local_timestamp":1769602675415,"message_id":80,"param":{"paramName":"mode","paramValue":"train","source":"auto-logged","step":null}},"type":"parameter_msg"}
{"payload":{"local_timestamp":1769602675415,"message_id":81,"param":{"paramName":"model","paramValue":"yolo11s.pt","source":"auto-logged","step":null}},"type":"parameter_msg"}
{"payload":{"local_timestamp":1769602675415,"message_id":82,"param":{"paramName":"momentum","paramValue":0.937,"source":"auto-logged","step":null}},"type":"parameter_msg"}
{"payload":{"local_timestamp":1769602675415,"message_id":83,"param":{"paramName":"mosaic","paramValue":0,"source":"auto-logged","step":null}},"type":"parameter_msg"}
{"payload":{"local_timestamp":1769602675415,"message_id":84,"param":{"paramName":"multi_scale","paramValue":false,"source":"auto-logged","step":null}},"type":"parameter_msg"}
{"payload":{"local_timestamp":1769602675415,"message_id":85,"param":{"paramName":"name","paramValue":"train4","source":"auto-logged","step":null}},"type":"parameter_msg"}
{"payload":{"local_timestamp":1769602675415,"message_id":86,"param":{"paramName":"nbs","paramValue":64,"source":"auto-logged","step":null}},"type":"parameter_msg"}
{"payload":{"local_timestamp":1769602675415,"message_id":87,"param":{"paramName":"nms","paramValue":false,"source":"auto-logged","step":null}},"type":"parameter_msg"}
{"payload":{"local_timestamp":1769602675415,"message_id":88,"param":{"paramName":"opset","paramValue":null,"source":"auto-logged","step":null}},"type":"parameter_msg"}
{"payload":{"local_timestamp":1769602675415,"message_id":89,"param":{"paramName":"optimize","paramValue":false,"source":"auto-logged","step":null}},"type":"parameter_msg"}
{"payload":{"local_timestamp":1769602675415,"message_id":90,"param":{"paramName":"optimizer","paramValue":"auto","source":"auto-logged","step":null}},"type":"parameter_msg"}
{"payload":{"local_timestamp":1769602675415,"message_id":91,"param":{"paramName":"overlap_mask","paramValue":true,"source":"auto-logged","step":null}},"type":"parameter_msg"}
{"payload":{"local_timestamp":1769602675415,"message_id":92,"param":{"paramName":"patience","paramValue":100,"source":"auto-logged","step":null}},"type":"parameter_msg"}
{"payload":{"local_timestamp":1769602675415,"message_id":93,"param":{"paramName":"perspective","paramValue":0,"source":"auto-logged","step":null}},"type":"parameter_msg"}
{"payload":{"local_timestamp":1769602675415,"message_id":94,"param":{"paramName":"plots","paramValue":true,"source":"auto-logged","step":null}},"type":"parameter_msg"}
{"payload":{"local_timestamp":1769602675415,"message_id":95,"param":{"paramName":"pose","paramValue":12.0,"source":"auto-logged","step":null}},"type":"parameter_msg"}
{"payload":{"local_timestamp":1769602675415,"message_id":96,"param":{"paramName":"pretrained","paramValue":true,"source":"auto-logged","step":null}},"type":"parameter_msg"}
{"payload":{"local_timestamp":1769602675415,"message_id":97,"param":{"paramName":"profile","paramValue":false,"source":"auto-logged","step":null}},"type":"parameter_msg"}
{"payload":{"local_timestamp":1769602675415,"message_id":98,"param":{"paramName":"project","paramValue":"/albedo/work/projects/p_OZA_AI/YOLO/runs/biodcase_baseline","source":"auto-logged","step":null}},"type":"parameter_msg"}
{"payload":{"local_timestamp":1769602675415,"message_id":99,"param":{"paramName":"rect","paramValue":false,"source":"auto-logged","step":null}},"type":"parameter_msg"}
{"payload":{"local_timestamp":1769602675415,"message_id":100,"param":{"paramName":"resume","paramValue":false,"source":"auto-logged","step":null}},"type":"parameter_msg"}
{"payload":{"local_timestamp":1769602675415,"message_id":101,"param":{"paramName":"retina_masks","paramValue":false,"source":"auto-logged","step":null}},"type":"parameter_msg"}
{"payload":{"local_timestamp":1769602675415,"message_id":102,"param":{"paramName":"save","paramValue":true,"source":"auto-logged","step":null}},"type":"parameter_msg"}
{"payload":{"local_timestamp":1769602675415,"message_id":103,"param":{"paramName":"save_conf","paramValue":false,"source":"auto-logged","step":null}},"type":"parameter_msg"}
{"payload":{"local_timestamp":1769602675415,"message_id":104,"param":{"paramName":"save_crop","paramValue":false,"source":"auto-logged","step":null}},"type":"parameter_msg"}
{"payload":{"local_timestamp":1769602675415,"message_id":105,"param":{"paramName":"save_dir","paramValue":"/albedo/work/projects/p_OZA_AI/YOLO/runs/biodcase_baseline/train4","source":"auto-logged","step":null}},"type":"parameter_msg"}
{"payload":{"local_timestamp":1769602675415,"message_id":106,"param":{"paramName":"save_frames","paramValue":false,"source":"auto-logged","step":null}},"type":"parameter_msg"}
{"payload":{"local_timestamp":1769602675415,"message_id":107,"param":{"paramName":"save_hybrid","paramValue":false,"source":"auto-logged","step":null}},"type":"parameter_msg"}
{"payload":{"local_timestamp":1769602675415,"message_id":108,"param":{"paramName":"save_json","paramValue":false,"source":"auto-logged","step":null}},"type":"parameter_msg"}
{"payload":{"local_timestamp":1769602675415,"message_id":109,"param":{"paramName":"save_period","paramValue":-1,"source":"auto-logged","step":null}},"type":"parameter_msg"}
{"payload":{"local_timestamp":1769602675415,"message_id":110,"param":{"paramName":"save_txt","paramValue":false,"source":"auto-logged","step":null}},"type":"parameter_msg"}
{"payload":{"local_timestamp":1769602675415,"message_id":111,"param":{"paramName":"scale","paramValue":0,"source":"auto-logged","step":null}},"type":"parameter_msg"}
{"payload":{"local_timestamp":1769602675415,"message_id":112,"param":{"paramName":"seed","paramValue":0,"source":"auto-logged","step":null}},"type":"parameter_msg"}
{"payload":{"local_timestamp":1769602675416,"message_id":113,"param":{"paramName":"shear","paramValue":0,"source":"auto-logged","step":null}},"type":"parameter_msg"}
{"payload":{"local_timestamp":1769602675416,"message_id":114,"param":{"paramName":"show","paramValue":false,"source":"auto-logged","step":null}},"type":"parameter_msg"}
{"payload":{"local_timestamp":1769602675416,"message_id":115,"param":{"paramName":"show_boxes","paramValue":true,"source":"auto-logged","step":null}},"type":"parameter_msg"}
{"payload":{"local_timestamp":1769602675416,"message_id":116,"param":{"paramName":"show_conf","paramValue":true,"source":"auto-logged","step":null}},"type":"parameter_msg"}
{"payload":{"local_timestamp":1769602675416,"message_id":117,"param":{"paramName":"show_labels","paramValue":true,"source":"auto-logged","step":null}},"type":"parameter_msg"}
{"payload":{"local_timestamp":1769602675416,"message_id":118,"param":{"paramName":"simplify","paramValue":true,"source":"auto-logged","step":null}},"type":"parameter_msg"}
{"payload":{"local_timestamp":1769602675416,"message_id":119,"param":{"paramName":"single_cls","paramValue":false,"source":"auto-logged","step":null}},"type":"parameter_msg"}
{"payload":{"local_timestamp":1769602675416,"message_id":120,"param":{"paramName":"source","paramValue":null,"source":"auto-logged","step":null}},"type":"parameter_msg"}
{"payload":{"local_timestamp":1769602675416,"message_id":121,"param":{"paramName":"split","paramValue":"val","source":"auto-logged","step":null}},"type":"parameter_msg"}
{"payload":{"local_timestamp":1769602675416,"message_id":122,"param":{"paramName":"stream_buffer","paramValue":false,"source":"auto-logged","step":null}},"type":"parameter_msg"}
{"payload":{"local_timestamp":1769602675416,"message_id":123,"param":{"paramName":"task","paramValue":"detect","source":"auto-logged","step":null}},"type":"parameter_msg"}
{"payload":{"local_timestamp":1769602675416,"message_id":124,"param":{"paramName":"time","paramValue":null,"source":"auto-logged","step":null}},"type":"parameter_msg"}
{"payload":{"local_timestamp":1769602675416,"message_id":125,"param":{"paramName":"tracker","paramValue":"botsort.yaml","source":"auto-logged","step":null}},"type":"parameter_msg"}
{"payload":{"local_timestamp":1769602675416,"message_id":126,"param":{"paramName":"translate","paramValue":0,"source":"auto-logged","step":null}},"type":"parameter_msg"}
{"payload":{"local_timestamp":1769602675416,"message_id":127,"param":{"paramName":"val","paramValue":true,"source":"auto-logged","step":null}},"type":"parameter_msg"}
{"payload":{"local_timestamp":1769602675416,"message_id":128,"param":{"paramName":"verbose","paramValue":true,"source":"auto-logged","step":null}},"type":"parameter_msg"}
{"payload":{"local_timestamp":1769602675416,"message_id":129,"param":{"paramName":"vid_stride","paramValue":1,"source":"auto-logged","step":null}},"type":"parameter_msg"}
{"payload":{"local_timestamp":1769602675416,"message_id":130,"param":{"paramName":"visualize","paramValue":false,"source":"auto-logged","step":null}},"type":"parameter_msg"}
{"payload":{"local_timestamp":1769602675416,"message_id":131,"param":{"paramName":"warmup_bias_lr","paramValue":0.0,"source":"auto-logged","step":null}},"type":"parameter_msg"}
{"payload":{"local_timestamp":1769602675416,"message_id":132,"param":{"paramName":"warmup_epochs","paramValue":3.0,"source":"auto-logged","step":null}},"type":"parameter_msg"}
{"payload":{"local_timestamp":1769602675416,"message_id":133,"param":{"paramName":"warmup_momentum","paramValue":0.8,"source":"auto-logged","step":null}},"type":"parameter_msg"}
{"payload":{"local_timestamp":1769602675416,"message_id":134,"param":{"paramName":"weight_decay","paramValue":0.0005,"source":"auto-logged","step":null}},"type":"parameter_msg"}
{"payload":{"local_timestamp":1769602675416,"message_id":135,"param":{"paramName":"workers","paramValue":8,"source":"auto-logged","step":null}},"type":"parameter_msg"}
{"payload":{"local_timestamp":1769602675416,"message_id":136,"param":{"paramName":"workspace","paramValue":null,"source":"auto-logged","step":null}},"type":"parameter_msg"}
{"payload":{"local_timestamp":1769602675422,"message_id":137,"output":"Image sizes 3552 train, 3552 val\nUsing 16 dataloader workers\nLogging results to \u001b[1m/albedo/work/projects/p_OZA_AI/YOLO/runs/biodcase_baseline/train4\u001b[0m\nStarting training for 20 epochs...\n","stderr":false},"type":"standard_output"}
{"payload":{"local_timestamp":1769602675424,"message_id":138,"output":"\n      Epoch    GPU_mem   box_loss   cls_loss   dfl_loss  Instances       Size\n","stderr":false},"type":"standard_output"}
{"payload":{"local_timestamp":1769602675424,"message_id":139,"output":"\r  0%|          | 0/531 [00:00<?, ?it/s]","stderr":true},"type":"standard_output"}
{"payload":{"local_timestamp":1769602675471,"message_id":140,"metric":{"epoch":null,"metricName":"sys.cpu.percent.avg","metricValue":0.0,"step":null}},"type":"metric_msg"}
{"payload":{"local_timestamp":1769602675471,"message_id":141,"metric":{"epoch":null,"metricName":"sys.ram.total","metricValue":1082014203904,"step":null}},"type":"metric_msg"}
{"payload":{"local_timestamp":1769602675471,"message_id":142,"metric":{"epoch":null,"metricName":"sys.ram.used","metricValue":87079641088,"step":null}},"type":"metric_msg"}
{"payload":{"local_timestamp":1769602675471,"message_id":143,"metric":{"epoch":null,"metricName":"sys.ram.available","metricValue":994934562816,"step":null}},"type":"metric_msg"}
{"payload":{"local_timestamp":1769602675471,"message_id":144,"metric":{"epoch":null,"metricName":"sys.ram.percent.used","metricValue":8.0,"step":null}},"type":"metric_msg"}
{"payload":{"local_timestamp":1769602675471,"message_id":145,"metric":{"epoch":null,"metricName":"sys.load.avg","metricValue":18.34,"step":null}},"type":"metric_msg"}
{"payload":{"local_timestamp":1769602675852,"message_id":146,"metric":{"epoch":null,"metricName":"sys.disk.root.used","metricValue":8330858496,"step":null}},"type":"metric_msg"}
{"payload":{"local_timestamp":1769602675852,"message_id":147,"metric":{"epoch":null,"metricName":"sys.disk.root.percent.used","metricValue":7.0,"step":null}},"type":"metric_msg"}
{"payload":{"local_timestamp":1769602677314,"message_id":148,"output":"\r  0%|          | 0/531 [00:01<?, ?it/s]","stderr":true},"type":"standard_output"}
{"payload":{"local_timestamp":1769602677314,"message_id":149,"output":"\n","stderr":true},"type":"standard_output"}
{"payload":{"local_timestamp":1769602677559,"message_id":150,"output":"[rank0]: Traceback (most recent call last):\n[rank0]:   File \"/albedo/home/eschall/.config/Ultralytics/DDP/_temp_cxjnkd3w23452136436800.py\", line 13, in <module>\n[rank0]:     results = trainer.train()\n[rank0]:               ^^^^^^^^^^^^^^^\n[rank0]:   File \"/albedo/home/eschall/.conda/envs/YOLO_OZA/lib/python3.12/site-packages/ultralytics/engine/trainer.py\", line 211, in train\n[rank0]:     self._do_train(world_size)\n[rank0]:   File \"/albedo/home/eschall/.conda/envs/YOLO_OZA/lib/python3.12/site-packages/ultralytics/engine/trainer.py\", line 384, in _do_train\n[rank0]:     self.loss, self.loss_items = self.model(batch)\n[rank0]:                                  ^^^^^^^^^^^^^^^^^\n[rank0]:   File \"/albedo/home/eschall/.conda/envs/YOLO_OZA/lib/python3.12/site-packages/torch/nn/modules/module.py\", line 1751, in _wrapped_call_impl\n[rank0]:     return self._call_impl(*args, **kwargs)\n[rank0]:            ^^^^^^^^^^^^^^^^^^^^^^^^^^^^^^^^\n[rank0]:   File \"/albedo/home/eschall/.conda/envs/YOLO_OZA/lib/python3.12/site-packages/torch/nn/modules/module.py\", line 1762, in _call_impl\n[rank0]:     return forward_call(*args, **kwargs)\n[rank0]:            ^^^^^^^^^^^^^^^^^^^^^^^^^^^^^\n[rank0]:   File \"/albedo/home/eschall/.conda/envs/YOLO_OZA/lib/python3.12/site-packages/torch/nn/parallel/distributed.py\", line 1637, in forward\n[rank0]:     else self._run_ddp_forward(*inputs, **kwargs)\n[rank0]:          ^^^^^^^^^^^^^^^^^^^^^^^^^^^^^^^^^^^^^^^^\n[rank0]:   File \"/albedo/home/eschall/.conda/envs/YOLO_OZA/lib/python3.12/site-packages/torch/nn/parallel/distributed.py\", line 1464, in _run_ddp_forward\n[rank0]:     return self.module(*inputs, **kwargs)  # type: ignore[index]\n[rank0]:            ^^^^^^^^^^^^^^^^^^^^^^^^^^^^^^\n[rank0]:   File \"/albedo/home/eschall/.conda/envs/YOLO_OZA/lib/python3.12/site-packages/torch/nn/modules/module.py\", line 1751, in _wrapped_call_impl\n[rank0]:     return self._call_impl(*args, **kwargs)\n[rank0]:            ^^^^^^^^^^^^^^^^^^^^^^^^^^^^^^^^\n[rank0]:   File \"/albedo/home/eschall/.conda/envs/YOLO_OZA/lib/python3.12/site-packages/torch/nn/modules/module.py\", line 1762, in _call_impl\n[rank0]:     return forward_call(*args, **kwargs)\n[rank0]:            ^^^^^^^^^^^^^^^^^^^^^^^^^^^^^\n[rank0]:   File \"/albedo/home/eschall/.conda/envs/YOLO_OZA/lib/python3.12/site-packages/ultralytics/nn/tasks.py\", line 113, in forward\n[rank0]:     return self.loss(x, *args, **kwargs)\n[rank0]:            ^^^^^^^^^^^^^^^^^^^^^^^^^^^^^\n[rank0]:   File \"/albedo/home/eschall/.conda/envs/YOLO_OZA/lib/python3.12/site-packages/ultralytics/nn/tasks.py\", line 290, in loss\n[rank0]:     preds = self.forward(batch[\"img\"]) if preds is None else preds\n[rank0]:             ^^^^^^^^^^^^^^^^^^^^^^^^^^\n[rank0]:   File \"/albedo/home/eschall/.conda/envs/YOLO_OZA/lib/python3.12/site-packages/ultralytics/nn/tasks.py\", line 114, in forward\n[rank0]:     return self.predict(x, *args, **kwargs)\n[rank0]:            ^^^^^^^^^^^^^^^^^^^^^^^^^^^^^^^^\n[rank0]:   File \"/albedo/home/eschall/.conda/envs/YOLO_OZA/lib/python3.12/site-packages/ultralytics/nn/tasks.py\", line 132, in predict\n[rank0]:     return self._predict_once(x, profile, visualize, embed)\n[rank0]:            ^^^^^^^^^^^^^^^^^^^^^^^^^^^^^^^^^^^^^^^^^^^^^^^^\n[rank0]:   File \"/albedo/home/eschall/.conda/envs/YOLO_OZA/lib/python3.12/site-packages/ultralytics/nn/tasks.py\", line 153, in _predict_once\n[rank0]:     x = m(x)  # run\n[rank0]:         ^^^^\n[rank0]:   File \"/albedo/home/eschall/.conda/envs/YOLO_OZA/lib/python3.12/site-packages/torch/nn/modules/module.py\", line 1751, in _wrapped_call_impl\n[rank0]:     return self._call_impl(*args, **kwargs)\n[rank0]:            ^^^^^^^^^^^^^^^^^^^^^^^^^^^^^^^^\n[rank0]:   File \"/albedo/home/eschall/.conda/envs/YOLO_OZA/lib/python3.12/site-packages/torch/nn/modules/module.py\", line 1762, in _call_impl\n[rank0]:     return forward_call(*args, **kwargs)\n[rank0]:            ^^^^^^^^^^^^^^^^^^^^^^^^^^^^^\n[rank0]:   File \"/albedo/home/eschall/.conda/envs/YOLO_OZA/lib/python3.12/site-packages/ultralytics/nn/modules/block.py\", line 1479, in forward\n[rank0]:     b = self.m(b)\n[rank0]:         ^^^^^^^^^\n[rank0]:   File \"/albedo/home/eschall/.conda/envs/YOLO_OZA/lib/python3.12/site-packages/torch/nn/modules/module.py\", line 1751, in _wrapped_call_impl\n[rank0]:     return self._call_impl(*args, **kwargs)\n[rank0]:            ^^^^^^^^^^^^^^^^^^^^^^^^^^^^^^^^\n[rank0]:   File \"/albedo/home/eschall/.conda/envs/YOLO_OZA/lib/python3.12/site-packages/torch/nn/modules/module.py\", line 1762, in _call_impl\n[rank0]:     return forward_call(*args, **kwargs)\n[rank0]:            ^^^^^^^^^^^^^^^^^^^^^^^^^^^^^\n[rank0]:   File \"/albedo/home/eschall/.conda/envs/YOLO_OZA/lib/python3.12/site-packages/torch/nn/modules/container.py\", line 240, in forward\n[rank0]:     input = module(input)\n[rank0]:             ^^^^^^^^^^^^^\n[rank0]:   File \"/albedo/home/eschall/.conda/envs/YOLO_OZA/lib/python3.12/site-packages/torch/nn/modules/module.py\", line 1751, in _wrapped_call_impl\n[rank0]:     return self._call_impl(*args, **kwargs)\n[rank0]:            ^^^^^^^^^^^^^^^^^^^^^^^^^^^^^^^^\n[rank0]:   File \"/albedo/home/eschall/.conda/envs/YOLO_OZA/lib/python3.12/site-packages/torch/nn/modules/module.py\", line 1762, in _call_impl\n[rank0]:     return forward_call(*args, **kwargs)\n[rank0]:            ^^^^^^^^^^^^^^^^^^^^^^^^^^^^^\n[rank0]:   File \"/albedo/home/eschall/.conda/envs/YOLO_OZA/lib/python3.12/site-packages/ultralytics/nn/modules/block.py\", line 1362, in forward\n[rank0]:     x = x + self.attn(x) if self.add else self.attn(x)\n[rank0]:             ^^^^^^^^^^^^\n[rank0]:   File \"/albedo/home/eschall/.conda/envs/YOLO_OZA/lib/python3.12/site-packages/torch/nn/modules/module.py\", line 1751, in _wrapped_call_impl\n[rank0]:     return self._call_impl(*args, **kwargs)\n[rank0]:            ^^^^^^^^^^^^^^^^^^^^^^^^^^^^^^^^\n[rank0]:   File \"/albedo/home/eschall/.conda/envs/YOLO_OZA/lib/python3.12/site-packages/torch/nn/modules/module.py\", line 1762, in _call_impl\n[rank0]:     return forward_call(*args, **kwargs)\n[rank0]:            ^^^^^^^^^^^^^^^^^^^^^^^^^^^^^\n[rank0]:   File \"/albedo/home/eschall/.conda/envs/YOLO_OZA/lib/python3.12/site-packages/ultralytics/nn/modules/block.py\", line 1307, in forward\n[rank0]:     attn = (q.transpose(-2, -1) @ k) * self.scale\n[rank0]:            ~~~~~~~~~~~~~~~~~~~~~~~~~~^~~~~~~~~~~~\n[rank0]: torch.OutOfMemoryError: CUDA out of memory. Tried to allocate 18.10 GiB. GPU 0 has a total capacity of 79.15 GiB of which 695.69 MiB is free. Including non-PyTorch memory, this process has 78.40 GiB memory in use. Of the allocated memory 77.57 GiB is allocated by PyTorch, and 152.19 MiB is reserved by PyTorch but unallocated. If reserved but unallocated memory is large try setting PYTORCH_CUDA_ALLOC_CONF=expandable_segments:True to avoid fragmentation.  See documentation for Memory Management  (https://pytorch.org/docs/stable/notes/cuda.html#environment-variables)\n","stderr":true},"type":"standard_output"}
{"payload":{"local_timestamp":1769602677559,"message_id":151,"output":"COMET INFO: The process of logging environment details (conda environment, git patch) is underway. Please be patient as this may take some time.\n","stderr":true},"type":"standard_output"}
{"payload":{"git_metadata":{"branch":"refs/heads/master","origin":"git@github.com:elenaschall/YOLO_OZA_albedo.git","parent":"62056db9fb044c8be9661228ca7a829a75207856","repo_name":"YOLO_OZA_albedo","root":"f5c033420c92d69035d200c2147327622be79d7c","status":null,"user":"elenaschall"},"message_id":152},"type":"git_metadata"}
{"payload":{"additional_params":null,"clean":true,"file_path":"tmpopm6d1f6..zip","local_timestamp":1769602680245,"message_id":153,"metadata":{},"upload_type":"git-patch"},"type":"file_upload"}
{"payload":{"additional_params":{"assetId":"2206e68bc9bf4f7d8964845d36e1beb7","context":null,"epoch":null,"extension":"yml","fileName":"conda-environment.yml","overwrite":false,"runId":null,"step":null,"type":"conda-environment-definition"},"clean":true,"file_path":"tmprxvg2edd","local_timestamp":1769602697959,"message_id":154,"metadata":{},"upload_type":"conda-environment-definition"},"type":"file_upload"}
{"payload":{"additional_params":{"assetId":"83a343b6e31241e8820ee9542eae2b02","context":null,"epoch":null,"extension":"txt","fileName":"conda-spec.txt","overwrite":false,"runId":null,"step":null,"type":"conda-specification"},"clean":true,"file_path":"tmpqujo103s","local_timestamp":1769602698812,"message_id":155,"metadata":{},"upload_type":"conda-specification"},"type":"file_upload"}
{"payload":{"additional_params":{"assetId":"6c7bd44b2b63499bbf918b9de06d9040","context":null,"epoch":null,"extension":"yml","fileName":"conda-info.yml","overwrite":false,"runId":null,"step":null,"type":"conda-info"},"clean":true,"file_path":"tmpcl67ljtu","local_timestamp":1769602699420,"message_id":156,"metadata":{},"upload_type":"conda-info"},"type":"file_upload"}
{"payload":{"local_timestamp":1769602699421,"message_id":157,"output":"COMET INFO: ---------------------------------------------------------------------------------------\n","stderr":true},"type":"standard_output"}
{"payload":{"local_timestamp":1769602699421,"message_id":158,"output":"COMET INFO: Comet.ml OfflineExperiment Summary\n","stderr":true},"type":"standard_output"}
{"payload":{"local_timestamp":1769602699421,"message_id":159,"output":"COMET INFO: ---------------------------------------------------------------------------------------\n","stderr":true},"type":"standard_output"}
{"payload":{"local_timestamp":1769602699421,"message_id":160,"output":"COMET INFO:   Data:\n","stderr":true},"type":"standard_output"}
{"payload":{"local_timestamp":1769602699421,"message_id":161,"output":"COMET INFO:     display_summary_level : 1\n","stderr":true},"type":"standard_output"}
{"payload":{"local_timestamp":1769602699421,"message_id":162,"output":"COMET INFO:     name                  : train4\n","stderr":true},"type":"standard_output"}
{"payload":{"local_timestamp":1769602699421,"message_id":163,"output":"COMET INFO:     url                   : [OfflineExperiment will get URL after upload]\n","stderr":true},"type":"standard_output"}
{"payload":{"local_timestamp":1769602699421,"message_id":164,"output":"COMET INFO:   Others:\n","stderr":true},"type":"standard_output"}
{"payload":{"local_timestamp":1769602699421,"message_id":165,"output":"COMET INFO:     Created from       : MLFlow auto-logger\n","stderr":true},"type":"standard_output"}
{"payload":{"local_timestamp":1769602699421,"message_id":166,"output":"COMET INFO:     Name               : train4\n","stderr":true},"type":"standard_output"}
{"payload":{"local_timestamp":1769602699421,"message_id":167,"output":"COMET INFO:     offline_experiment : True\n","stderr":true},"type":"standard_output"}
{"payload":{"local_timestamp":1769602699421,"message_id":168,"output":"COMET INFO:   Parameters:\n","stderr":true},"type":"standard_output"}
{"payload":{"local_timestamp":1769602699422,"message_id":169,"output":"COMET INFO:     agnostic_nms    : False\n","stderr":true},"type":"standard_output"}
{"payload":{"local_timestamp":1769602699422,"message_id":170,"output":"COMET INFO:     amp             : True\n","stderr":true},"type":"standard_output"}
{"payload":{"local_timestamp":1769602699422,"message_id":171,"output":"COMET INFO:     augment         : False\n","stderr":true},"type":"standard_output"}
{"payload":{"local_timestamp":1769602699422,"message_id":172,"output":"COMET INFO:     auto_augment    : randaugment\n","stderr":true},"type":"standard_output"}
{"payload":{"local_timestamp":1769602699422,"message_id":173,"output":"COMET INFO:     batch           : 32\n","stderr":true},"type":"standard_output"}
{"payload":{"local_timestamp":1769602699422,"message_id":174,"output":"COMET INFO:     bgr             : 0\n","stderr":true},"type":"standard_output"}
{"payload":{"local_timestamp":1769602699422,"message_id":175,"output":"COMET INFO:     box             : 7.5\n","stderr":true},"type":"standard_output"}
{"payload":{"local_timestamp":1769602699422,"message_id":176,"output":"COMET INFO:     cache           : False\n","stderr":true},"type":"standard_output"}
{"payload":{"local_timestamp":1769602699422,"message_id":177,"output":"COMET INFO:     cfg             : None\n","stderr":true},"type":"standard_output"}
{"payload":{"local_timestamp":1769602699422,"message_id":178,"output":"COMET INFO:     classes         : None\n","stderr":true},"type":"standard_output"}
{"payload":{"local_timestamp":1769602699422,"message_id":179,"output":"COMET INFO:     close_mosaic    : 10\n","stderr":true},"type":"standard_output"}
{"payload":{"local_timestamp":1769602699422,"message_id":180,"output":"COMET INFO:     cls             : 0.5\n","stderr":true},"type":"standard_output"}
{"payload":{"local_timestamp":1769602699422,"message_id":181,"output":"COMET INFO:     conf            : None\n","stderr":true},"type":"standard_output"}
{"payload":{"local_timestamp":1769602699422,"message_id":182,"output":"COMET INFO:     copy_paste      : 0\n","stderr":true},"type":"standard_output"}
{"payload":{"local_timestamp":1769602699422,"message_id":183,"output":"COMET INFO:     copy_paste_mode : flip\n","stderr":true},"type":"standard_output"}
{"payload":{"local_timestamp":1769602699422,"message_id":184,"output":"COMET INFO:     cos_lr          : False\n","stderr":true},"type":"standard_output"}
{"payload":{"local_timestamp":1769602699422,"message_id":185,"output":"COMET INFO:     crop_fraction   : 0\n","stderr":true},"type":"standard_output"}
{"payload":{"local_timestamp":1769602699422,"message_id":186,"output":"COMET INFO:     data            : ./custom_joined.yaml\n","stderr":true},"type":"standard_output"}
{"payload":{"local_timestamp":1769602699423,"message_id":187,"output":"COMET INFO:     degrees         : 0\n","stderr":true},"type":"standard_output"}
{"payload":{"local_timestamp":1769602699423,"message_id":188,"output":"COMET INFO:     deterministic   : True\n","stderr":true},"type":"standard_output"}
{"payload":{"local_timestamp":1769602699423,"message_id":189,"output":"COMET INFO:     device          : [0, 1]\n","stderr":true},"type":"standard_output"}
{"payload":{"local_timestamp":1769602699423,"message_id":190,"output":"COMET INFO:     dfl             : 1.5\n","stderr":true},"type":"standard_output"}
{"payload":{"local_timestamp":1769602699423,"message_id":191,"output":"COMET INFO:     dnn             : False\n","stderr":true},"type":"standard_output"}
{"payload":{"local_timestamp":1769602699423,"message_id":192,"output":"COMET INFO:     dropout         : 0.0\n","stderr":true},"type":"standard_output"}
{"payload":{"local_timestamp":1769602699423,"message_id":193,"output":"COMET INFO:     dynamic         : False\n","stderr":true},"type":"standard_output"}
{"payload":{"local_timestamp":1769602699423,"message_id":194,"output":"COMET INFO:     embed           : None\n","stderr":true},"type":"standard_output"}
{"payload":{"local_timestamp":1769602699423,"message_id":195,"output":"COMET INFO:     epochs          : 20\n","stderr":true},"type":"standard_output"}
{"payload":{"local_timestamp":1769602699423,"message_id":196,"output":"COMET INFO:     erasing         : 0\n","stderr":true},"type":"standard_output"}
{"payload":{"local_timestamp":1769602699423,"message_id":197,"output":"COMET INFO:     exist_ok        : False\n","stderr":true},"type":"standard_output"}
{"payload":{"local_timestamp":1769602699423,"message_id":198,"output":"COMET INFO:     fliplr          : 0\n","stderr":true},"type":"standard_output"}
{"payload":{"local_timestamp":1769602699423,"message_id":199,"output":"COMET INFO:     flipud          : 0\n","stderr":true},"type":"standard_output"}
{"payload":{"local_timestamp":1769602699423,"message_id":200,"output":"COMET INFO:     format          : torchscript\n","stderr":true},"type":"standard_output"}
{"payload":{"local_timestamp":1769602699423,"message_id":201,"output":"COMET INFO:     fraction        : 1.0\n","stderr":true},"type":"standard_output"}
{"payload":{"local_timestamp":1769602699423,"message_id":202,"output":"COMET INFO:     freeze          : None\n","stderr":true},"type":"standard_output"}
{"payload":{"local_timestamp":1769602699423,"message_id":203,"output":"COMET INFO:     half            : False\n","stderr":true},"type":"standard_output"}
{"payload":{"local_timestamp":1769602699423,"message_id":204,"output":"COMET INFO:     hsv_h           : 0.015\n","stderr":true},"type":"standard_output"}
{"payload":{"local_timestamp":1769602699423,"message_id":205,"output":"COMET INFO:     hsv_s           : 0\n","stderr":true},"type":"standard_output"}
{"payload":{"local_timestamp":1769602699423,"message_id":206,"output":"COMET INFO:     hsv_v           : 0\n","stderr":true},"type":"standard_output"}
{"payload":{"local_timestamp":1769602699424,"message_id":207,"output":"COMET INFO:     imgsz           : 3552\n","stderr":true},"type":"standard_output"}
{"payload":{"local_timestamp":1769602699424,"message_id":208,"output":"COMET INFO:     int8            : False\n","stderr":true},"type":"standard_output"}
{"payload":{"local_timestamp":1769602699424,"message_id":209,"output":"COMET INFO:     iou             : 0.3\n","stderr":true},"type":"standard_output"}
{"payload":{"local_timestamp":1769602699424,"message_id":210,"output":"COMET INFO:     keras           : False\n","stderr":true},"type":"standard_output"}
{"payload":{"local_timestamp":1769602699424,"message_id":211,"output":"COMET INFO:     kobj            : 1.0\n","stderr":true},"type":"standard_output"}
{"payload":{"local_timestamp":1769602699424,"message_id":212,"output":"COMET INFO:     line_width      : None\n","stderr":true},"type":"standard_output"}
{"payload":{"local_timestamp":1769602699424,"message_id":213,"output":"COMET INFO:     lr0             : 0.01\n","stderr":true},"type":"standard_output"}
{"payload":{"local_timestamp":1769602699424,"message_id":214,"output":"COMET INFO:     lrf             : 0.01\n","stderr":true},"type":"standard_output"}
{"payload":{"local_timestamp":1769602699424,"message_id":215,"output":"COMET INFO:     mask_ratio      : 4\n","stderr":true},"type":"standard_output"}
{"payload":{"local_timestamp":1769602699424,"message_id":216,"output":"COMET INFO:     max_det         : 300\n","stderr":true},"type":"standard_output"}
{"payload":{"local_timestamp":1769602699424,"message_id":217,"output":"COMET INFO:     mixup           : 0\n","stderr":true},"type":"standard_output"}
{"payload":{"local_timestamp":1769602699424,"message_id":218,"output":"COMET INFO:     mode            : train\n","stderr":true},"type":"standard_output"}
{"payload":{"local_timestamp":1769602699424,"message_id":219,"output":"COMET INFO:     model           : yolo11s.pt\n","stderr":true},"type":"standard_output"}
{"payload":{"local_timestamp":1769602699424,"message_id":220,"output":"COMET INFO:     momentum        : 0.937\n","stderr":true},"type":"standard_output"}
{"payload":{"local_timestamp":1769602699424,"message_id":221,"output":"COMET INFO:     mosaic          : 0\n","stderr":true},"type":"standard_output"}
{"payload":{"local_timestamp":1769602699424,"message_id":222,"output":"COMET INFO:     multi_scale     : False\n","stderr":true},"type":"standard_output"}
{"payload":{"local_timestamp":1769602699424,"message_id":223,"output":"COMET INFO:     name            : train4\n","stderr":true},"type":"standard_output"}
{"payload":{"local_timestamp":1769602699424,"message_id":224,"output":"COMET INFO:     nbs             : 64\n","stderr":true},"type":"standard_output"}
{"payload":{"local_timestamp":1769602699424,"message_id":225,"output":"COMET INFO:     nms             : False\n","stderr":true},"type":"standard_output"}
{"payload":{"local_timestamp":1769602699424,"message_id":226,"output":"COMET INFO:     opset           : None\n","stderr":true},"type":"standard_output"}
{"payload":{"local_timestamp":1769602699425,"message_id":227,"output":"COMET INFO:     optimize        : False\n","stderr":true},"type":"standard_output"}
{"payload":{"local_timestamp":1769602699425,"message_id":228,"output":"COMET INFO:     optimizer       : auto\n","stderr":true},"type":"standard_output"}
{"payload":{"local_timestamp":1769602699425,"message_id":229,"output":"COMET INFO:     overlap_mask    : True\n","stderr":true},"type":"standard_output"}
{"payload":{"local_timestamp":1769602699425,"message_id":230,"output":"COMET INFO:     patience        : 100\n","stderr":true},"type":"standard_output"}
{"payload":{"local_timestamp":1769602699425,"message_id":231,"output":"COMET INFO:     perspective     : 0\n","stderr":true},"type":"standard_output"}
{"payload":{"local_timestamp":1769602699425,"message_id":232,"output":"COMET INFO:     plots           : True\n","stderr":true},"type":"standard_output"}
{"payload":{"local_timestamp":1769602699425,"message_id":233,"output":"COMET INFO:     pose            : 12.0\n","stderr":true},"type":"standard_output"}
{"payload":{"local_timestamp":1769602699425,"message_id":234,"output":"COMET INFO:     pretrained      : True\n","stderr":true},"type":"standard_output"}
{"payload":{"local_timestamp":1769602699425,"message_id":235,"output":"COMET INFO:     profile         : False\n","stderr":true},"type":"standard_output"}
{"payload":{"local_timestamp":1769602699425,"message_id":236,"output":"COMET INFO:     project         : /albedo/work/projects/p_OZA_AI/YOLO/runs/biodcase_baseline\n","stderr":true},"type":"standard_output"}
{"payload":{"local_timestamp":1769602699425,"message_id":237,"output":"COMET INFO:     rect            : False\n","stderr":true},"type":"standard_output"}
{"payload":{"local_timestamp":1769602699425,"message_id":238,"output":"COMET INFO:     resume          : False\n","stderr":true},"type":"standard_output"}
{"payload":{"local_timestamp":1769602699425,"message_id":239,"output":"COMET INFO:     retina_masks    : False\n","stderr":true},"type":"standard_output"}
{"payload":{"local_timestamp":1769602699425,"message_id":240,"output":"COMET INFO:     save            : True\n","stderr":true},"type":"standard_output"}
{"payload":{"local_timestamp":1769602699425,"message_id":241,"output":"COMET INFO:     save_conf       : False\n","stderr":true},"type":"standard_output"}
{"payload":{"local_timestamp":1769602699425,"message_id":242,"output":"COMET INFO:     save_crop       : False\n","stderr":true},"type":"standard_output"}
{"payload":{"local_timestamp":1769602699425,"message_id":243,"output":"COMET INFO:     save_dir        : /albedo/work/projects/p_OZA_AI/YOLO/runs/biodcase_baseline/train4\n","stderr":true},"type":"standard_output"}
{"payload":{"local_timestamp":1769602699425,"message_id":244,"output":"COMET INFO:     save_frames     : False\n","stderr":true},"type":"standard_output"}
{"payload":{"local_timestamp":1769602699425,"message_id":245,"output":"COMET INFO:     save_hybrid     : False\n","stderr":true},"type":"standard_output"}
{"payload":{"local_timestamp":1769602699425,"message_id":246,"output":"COMET INFO:     save_json       : False\n","stderr":true},"type":"standard_output"}
{"payload":{"local_timestamp":1769602699425,"message_id":247,"output":"COMET INFO:     save_period     : -1\n","stderr":true},"type":"standard_output"}
{"payload":{"local_timestamp":1769602699426,"message_id":248,"output":"COMET INFO:     save_txt        : False\n","stderr":true},"type":"standard_output"}
{"payload":{"local_timestamp":1769602699426,"message_id":249,"output":"COMET INFO:     scale           : 0\n","stderr":true},"type":"standard_output"}
{"payload":{"local_timestamp":1769602699426,"message_id":250,"output":"COMET INFO:     seed            : 0\n","stderr":true},"type":"standard_output"}
{"payload":{"local_timestamp":1769602699426,"message_id":251,"output":"COMET INFO:     shear           : 0\n","stderr":true},"type":"standard_output"}
{"payload":{"local_timestamp":1769602699426,"message_id":252,"output":"COMET INFO:     show            : False\n","stderr":true},"type":"standard_output"}
{"payload":{"local_timestamp":1769602699426,"message_id":253,"output":"COMET INFO:     show_boxes      : True\n","stderr":true},"type":"standard_output"}
{"payload":{"local_timestamp":1769602699426,"message_id":254,"output":"COMET INFO:     show_conf       : True\n","stderr":true},"type":"standard_output"}
{"payload":{"local_timestamp":1769602699426,"message_id":255,"output":"COMET INFO:     show_labels     : True\n","stderr":true},"type":"standard_output"}
{"payload":{"local_timestamp":1769602699426,"message_id":256,"output":"COMET INFO:     simplify        : True\n","stderr":true},"type":"standard_output"}
{"payload":{"local_timestamp":1769602699426,"message_id":257,"output":"COMET INFO:     single_cls      : False\n","stderr":true},"type":"standard_output"}
{"payload":{"local_timestamp":1769602699426,"message_id":258,"output":"COMET INFO:     source          : None\n","stderr":true},"type":"standard_output"}
{"payload":{"local_timestamp":1769602699426,"message_id":259,"output":"COMET INFO:     split           : val\n","stderr":true},"type":"standard_output"}
{"payload":{"local_timestamp":1769602699426,"message_id":260,"output":"COMET INFO:     stream_buffer   : False\n","stderr":true},"type":"standard_output"}
{"payload":{"local_timestamp":1769602699426,"message_id":261,"output":"COMET INFO:     task            : detect\n","stderr":true},"type":"standard_output"}
{"payload":{"local_timestamp":1769602699426,"message_id":262,"output":"COMET INFO:     time            : None\n","stderr":true},"type":"standard_output"}
{"payload":{"local_timestamp":1769602699426,"message_id":263,"output":"COMET INFO:     tracker         : botsort.yaml\n","stderr":true},"type":"standard_output"}
{"payload":{"local_timestamp":1769602699426,"message_id":264,"output":"COMET INFO:     translate       : 0\n","stderr":true},"type":"standard_output"}
{"payload":{"local_timestamp":1769602699427,"message_id":265,"output":"COMET INFO:     val             : True\n","stderr":true},"type":"standard_output"}
{"payload":{"local_timestamp":1769602699427,"message_id":266,"output":"COMET INFO:     verbose         : True\n","stderr":true},"type":"standard_output"}
{"payload":{"local_timestamp":1769602699427,"message_id":267,"output":"COMET INFO:     vid_stride      : 1\n","stderr":true},"type":"standard_output"}
{"payload":{"local_timestamp":1769602699427,"message_id":268,"output":"COMET INFO:     visualize       : False\n","stderr":true},"type":"standard_output"}
{"payload":{"local_timestamp":1769602699427,"message_id":269,"output":"COMET INFO:     warmup_bias_lr  : 0.0\n","stderr":true},"type":"standard_output"}
{"payload":{"local_timestamp":1769602699427,"message_id":270,"output":"COMET INFO:     warmup_epochs   : 3.0\n","stderr":true},"type":"standard_output"}
{"payload":{"local_timestamp":1769602699427,"message_id":271,"output":"COMET INFO:     warmup_momentum : 0.8\n","stderr":true},"type":"standard_output"}
{"payload":{"local_timestamp":1769602699427,"message_id":272,"output":"COMET INFO:     weight_decay    : 0.0005\n","stderr":true},"type":"standard_output"}
{"payload":{"local_timestamp":1769602699427,"message_id":273,"output":"COMET INFO:     workers         : 8\n","stderr":true},"type":"standard_output"}
{"payload":{"local_timestamp":1769602699427,"message_id":274,"output":"COMET INFO:     workspace       : None\n","stderr":true},"type":"standard_output"}
{"payload":{"local_timestamp":1769602699427,"message_id":275,"output":"COMET INFO:   Uploads:\n","stderr":true},"type":"standard_output"}
{"payload":{"local_timestamp":1769602699427,"message_id":276,"output":"COMET INFO:     conda-environment-definition : 1\n","stderr":true},"type":"standard_output"}
{"payload":{"local_timestamp":1769602699427,"message_id":277,"output":"COMET INFO:     conda-info                   : 1\n","stderr":true},"type":"standard_output"}
{"payload":{"local_timestamp":1769602699427,"message_id":278,"output":"COMET INFO:     conda-specification          : 1\n","stderr":true},"type":"standard_output"}
{"payload":{"local_timestamp":1769602699427,"message_id":279,"output":"COMET INFO:     environment details          : 1\n","stderr":true},"type":"standard_output"}
{"payload":{"local_timestamp":1769602699427,"message_id":280,"output":"COMET INFO:     filename                     : 1\n","stderr":true},"type":"standard_output"}
{"payload":{"local_timestamp":1769602699428,"message_id":281,"output":"COMET INFO:     git metadata                 : 1\n","stderr":true},"type":"standard_output"}
{"payload":{"local_timestamp":1769602699428,"message_id":282,"output":"COMET INFO:     git-patch (uncompressed)     : 1 (47.03 KB)\n","stderr":true},"type":"standard_output"}
{"payload":{"local_timestamp":1769602699428,"message_id":283,"output":"COMET INFO:     installed packages           : 1\n","stderr":true},"type":"standard_output"}
{"payload":{"local_timestamp":1769602699428,"message_id":284,"output":"COMET INFO:     source_code                  : 2 (7.68 KB)\n","stderr":true},"type":"standard_output"}
{"payload":{"local_timestamp":1769602699428,"message_id":285,"output":"COMET INFO: \n","stderr":true},"type":"standard_output"}
{"payload":{"local_timestamp":1769602699428,"message_id":286,"output":"COMET WARNING: To get all data logged automatically, import comet_ml before the following modules: torch.\n","stderr":true},"type":"standard_output"}
{"payload":{"key":"sys.already_imported_modules","message_id":287,"value":"[\"torch\"]"},"type":"log_other"}
{"payload":{"local_timestamp":1769602699428,"message_id":288,"metric":{"epoch":null,"metricName":"process duration","metricValue":31,"step":null}},"type":"metric_msg"}
