{"offline_id": "aa45d8d2126e46faa311d4dac2192611", "project_name": "/albedo/work/projects/p_OZA_AI/YOLO/runs/biodcase_baseline", "start_time": 1769597952235, "stop_time": 1769598308500, "tags": [], "workspace": null, "resume_strategy": "create", "customer_error_reported": true, "customer_error_message": "Unexpected error detected in the user script: OutOfMemoryError('CUDA out of memory. Tried to allocate 6.40 GiB. GPU 0 has a total capacity of 79.15 GiB of which 4.59 GiB is free. Including non-PyTorch memory, this process has 74.47 GiB memory in use. Of the allocated memory 60.60 GiB is allocated by PyTorch, and 13.31 GiB is reserved by PyTorch but unallocated. If reserved but unallocated memory is large try setting PYTORCH_CUDA_ALLOC_CONF=expandable_segments:True to avoid fragmentation.  See documentation for Memory Management  (https://pytorch.org/docs/stable/notes/cuda.html#environment-variables)')", "user_provided_experiment_key": false, "comet_start_sourced": false}