{"offline_id": "b891f932f0a148888ca42c2e2260106e", "project_name": "/albedo/work/projects/p_OZA_AI/YOLO/runs/biodcase_baseline", "start_time": 1769604364746, "stop_time": 1769604382154, "tags": [], "workspace": null, "resume_strategy": "create", "customer_error_reported": true, "customer_error_message": "Unexpected error detected in the user script: OutOfMemoryError('CUDA out of memory. Tried to allocate 506.00 MiB. GPU 0 has a total capacity of 79.15 GiB of which 471.69 MiB is free. Including non-PyTorch memory, this process has 78.65 GiB memory in use. Of the allocated memory 77.49 GiB is allocated by PyTorch, and 493.06 MiB is reserved by PyTorch but unallocated. If reserved but unallocated memory is large try setting PYTORCH_CUDA_ALLOC_CONF=expandable_segments:True to avoid fragmentation.  See documentation for Memory Management  (https://pytorch.org/docs/stable/notes/cuda.html#environment-variables)')", "user_provided_experiment_key": false, "comet_start_sourced": false}